"","fat","protein.num","sugar.num","energy.num","mass.female","gestation.month","lacatation.months","mass.litter","repro.output","dev.stage.at.birth","diet","arid","biome","Australia","order","family","spp","fat.log10","fat.logit","mass.log10","lemurs"
"1",7,6.3,5.2,1.21,8e+05,9.02,4.5,26949,0.03,3,"herbivore","no","terrestrial","other","Artiodactyla","Bovidae","Bos frontalis",0.845098040014257,-2.58668934409794,5.90308998699194,"not.a.lemur"
"2",12.4,5.7,NA,NA,53000,5.6,7.5,3489,0.07,3,"herbivore","no","terrestrial","other","Artiodactyla","Bovidae","Capra ibex",1.09342168516224,-1.95508452533135,4.72427586960079,"not.a.lemur"
"3",7.5,4.1,5.3,1.13,170500,8.32,8,17717,0.1,3,"herbivore","yes","terrestrial","other","Artiodactyla","Bovidae","Connocheates taurinus taurinus",0.8750612633917,-2.51230562397611,5.23172438332852,"not.a.lemur"
"4",5.5,4.3,4.1,0.91,2e+05,8.5,7.5,11110,0.06,3,"herbivore","yes","terrestrial","other","Artiodactyla","Bovidae","Connocheates gnou",0.740362689494244,-2.84385174226127,5.30102999566398,"not.a.lemur"
"5",8.6,5.6,4.9,1.31,61000,8,4,6500,0.11,3,"herbivore","yes","terrestrial","other","Artiodactyla","Bovidae","Damaliscus pygargus phillipsi",0.934498451243568,-2.36348327520064,4.78532983501077,"not.a.lemur"
"6",8.8,8.8,NA,NA,20600,4.74,2.8,1771,0.09,3,"herbivore","yes","terrestrial","other","Artiodactyla","Bovidae","Gazella dorcas",0.944482672150169,-2.33830317559612,4.31386722036915,"not.a.lemur"
"7",7.9,5.4,3.1,1.16,60000,6,5,2060,0.03,3,"herbivore","no","terrestrial","other","Artiodactyla","Bovidae","Hemitragus jemlahicus",0.897627091290441,-2.45601218378829,4.77815125038364,"not.a.lemur"
"8",5,6.2,NA,1.03,181000,8.87,7,15447,0.09,3,"herbivore","yes","terrestrial","other","Artiodactyla","Bovidae","Hippotragus niger",0.698970004336019,-2.94443897916644,5.25767857486918,"not.a.lemur"
"9",7,6.5,4.5,1.2,70000,5.78,2.7,4193,0.06,3,"herbivore","no","terrestrial","other","Artiodactyla","Bovidae","Oreamnos americanus",0.845098040014257,-2.58668934409794,4.84509804001426,"not.a.lemur"
"10",14.3,8.7,3.6,1.95,196000,8.48,6.2,11188,0.06,3,"herbivore","no","terrestrial","other","Artiodactyla","Bovidae","Ovibus moschatus",1.15533603746506,-1.79059328833787,5.29225607135648,"not.a.lemur"
"11",9.5,7.2,5.3,1.5,48400,5.62,4.3,4130,0.09,3,"herbivore","no","terrestrial","other","Artiodactyla","Bovidae","Ovis dalli",0.977723605288848,-2.25405805209939,4.68484536164441,"not.a.lemur"
"12",13.4,6.3,5.2,1.8,534000,11.03,9.2,46292,0.09,3,"herbivore","no","terrestrial","other","Artiodactyla","Bovidae","Syncerus caffer",1.12710479836481,-1.86604510861152,5.72754125702856,"not.a.lemur"
"13",9.9,6.3,4.4,1.44,393500,8.64,6,28325,0.07,3,"herbivore","yes","terrestrial","other","Artiodactyla","Bovidae","Taurotragus oryx",0.99563519459755,-2.20838540747375,5.59494473669508,"not.a.lemur"
"14",4.3,4.3,NA,NA,585000,13.18,10.5,35000,0.06,3,"herbivore","yes","terrestrial","other","Artiodactyla","Camelidae","Camelus bactrianus",0.633468455579587,-3.10260327575939,5.76715586608218,"not.a.lemur"
"15",10,8.4,3,1.52,269000,7.95,3.8,16794,0.06,2,"herbivore","no","terrestrial","other","Artiodactyla","Cervidae","Alces alces",1,-2.19722457733622,5.42975228000241,"not.a.lemur"
"16",6.7,5.7,4.2,1.11,110000,8.38,5.5,6500,0.06,2,"herbivore","no","terrestrial","other","Artiodactyla","Cervidae","Cervus canadensis nelsoni1",0.826074802700826,-2.63371258145638,5.04139268515823,"not.a.lemur"
"17",8.5,7.1,4.5,1.37,98733,8,12,15500,0.16,2,"herbivore","no","terrestrial","other","Artiodactyla","Cervidae","Cervus elaphus",0.929418925714293,-2.3762728087852,4.99446233324265,"not.a.lemur"
"18",12.6,7.8,5.8,1.83,120333,8.03,5.4,9432,0.08,2,"herbivore","no","terrestrial","other","Artiodactyla","Cervidae","Cervus elaphus hispanicus",1.10037054511756,-1.93679846870406,5.08038474415252,"not.a.lemur"
"19",5.5,7,4.5,1.09,43063,6.85,2.5,4783,0.11,3,"herbivore","no","terrestrial","other","Artiodactyla","Cervidae","Odocoileus hemionus",0.740362689494244,-2.84385174226127,4.63410428182889,"not.a.lemur"
"20",7.7,8.2,4.6,1.36,50570,6.84,4.3,5394,0.11,3,"herbivore","no","terrestrial","other","Artiodactyla","Cervidae","Odocoileus virginianus",0.886490725172482,-2.48382381264917,4.70389295363254,"not.a.lemur"
"21",10.9,9.5,3.4,1.68,86033,7.24,2.8,6928,0.08,3,"herbivore","no","terrestrial","other","Artiodactyla","Cervidae","Rangifer tar&us",1.03742649794062,-2.10099654524167,4.93466506716119,"not.a.lemur"
"22",4.8,4,NA,NA,880000,14.89,8.3,66943,0.08,3,"herbivore","yes","terrestrial","other","Artiodactyla","Giraffidae","Giraffa camelopardalis",0.681241237375587,-2.98736402388347,5.94448267215017,"not.a.lemur"
"23",4.2,5.1,6.2,0.93,21675,4.66,1.7,1196,0.06,3,"omnivore","no","terrestrial","other","Artiodactyla","Tayassuidae","Pecari tajacu2",0.6232492903979,-3.12717815968749,4.33595910614825,"not.a.lemur"
"24",3.4,7.8,NA,NA,5035,2.05,1.7,832,0.17,1,"omnivore","no","terrestrial","other","Carnivora","Canidae","Nyctereutes procyonoides",0.531478917042255,-3.34680330959636,3.70199947488964,"not.a.lemur"
"25",13.5,11.1,3,2,3000,1.75,1.7,577,0.19,1,"carnivore","no","terrestrial","other","Carnivora","Canidae","Vulpes lagopus3",1.13033376849501,-1.85745472849345,3.47712125471966,"not.a.lemur"
"26",5.8,6.7,4.6,1.1,4244,1.73,1.8,439,0.1,1,"omnivore","no","terrestrial","other","Carnivora","Canidae","Vulpes vulpes",0.763427993562937,-2.78756226402994,3.6277753752293,"not.a.lemur"
"27",8.7,11.8,3.2,1.61,139500,3.62,7.2,3995,0.03,1,"carnivore","yes","terrestrial","other","Carnivora","Felidae","Panthera leo",0.939519252618618,-2.35082776194039,5.14457420760962,"not.a.lemur"
"28",13.8,9.9,3,1.96,2110,1.63,2.1,143,0.07,0,"omnivore","no","terrestrial","other","Carnivora","Mephitidae4","Mephitis mephitis",1.13987908640124,-1.83200158550649,3.32428245529769,"not.a.lemur"
"29",9.7,6.9,3.8,1.44,720,1.05,1.6,71,0.1,0,"carnivore","no","terrestrial","other","Carnivora","Mustelidae","Mustela putorius",0.986771734266245,-2.2310115749136,2.85733249643127,"not.a.lemur"
"30",7.3,5.6,4.5,1.17,770,1.05,1.6,41,0.05,0,"carnivore","no","aquatic","other","Carnivora","Mustelidae","Neovison vison5",0.863322860120456,-2.54149412441746,2.88649072517248,"not.a.lemur"
"31",44.4,9.7,NA,NA,60000,7.75,13.5,4250,0.07,2,"carnivore","no","aquatic","other","Carnivora","Otariidae","Arctocephalus australis",1.64738297011462,-0.224943731818358,4.77815125038364,"not.a.lemur"
"32",24.4,5.9,0.05,2.57,50000,9,3.9,5933,0.12,2,"carnivore","no","aquatic","other","Carnivora","Otariidae","Arctocephalus gazella",1.38738982633873,-1.13087315088633,4.69897000433602,"not.a.lemur"
"33",52.1,12.1,NA,NA,41400,11.75,7.9,4420,0.11,2,"carnivore","no","aquatic","other","Carnivora","Otariidae","Arctocephalus tropicalis",1.71683772329952,0.0840494443424519,4.6170003411209,"not.a.lemur"
"34",47.7,10.7,NA,NA,76400,9.17,11.5,5956,0.08,2,"carnivore","no","aquatic","other","Carnivora","Otariidae","Arctocephalus pusillus doriferus",1.67851837904011,-0.0920649731765814,4.88309335857569,"not.a.lemur"
"35",50.7,10.3,0.1,5.23,34500,8.37,3.2,5183,0.15,3,"carnivore","no","aquatic","other","Carnivora","Otariidae","Callorhinus ursinus",1.70500795933334,0.0280018295484931,4.53781909507327,"not.a.lemur"
"36",25.4,10.5,NA,NA,80000,11.75,18.8,7075,0.09,2,"carnivore","no","aquatic","other","Carnivora","Otariidae","Neophoca cinerea",1.40483371661994,-1.07739133318522,4.90308998699194,"not.a.lemur"
"37",31.7,8.6,0.3,3.4,75000,11.14,10.8,6817,0.09,3,"carnivore","no","aquatic","other","Carnivora","Otariidae","Zalophus californianus",1.50105926221775,-0.767593085693509,4.8750612633917,"not.a.lemur"
"38",61.1,4.9,1,5.89,350000,8.01,0.3,15389,0.04,3,"carnivore","no","aquatic","other","Carnivora","Phocidae","Cystophora cristata",1.78604121024255,0.451517615553149,5.54406804435028,"not.a.lemur"
"39",59.8,9.2,NA,NA,155000,7.87,0.6,12820,0.08,3,"carnivore","no","aquatic","other","Carnivora","Phocidae","Halichoerus grypus",1.77670118398841,0.397138665331611,5.19033169817029,"not.a.lemur"
"40",53.6,8.9,0.02,5.41,369500,9.6,1.3,28394,0.08,2,"carnivore","no","aquatic","other","Carnivora","Phocidae","Leptonychotes weddellii",1.72916478969277,0.144249608844547,5.56761444273084,"not.a.lemur"
"41",51.9,10.2,0.025,NA,363000,8.45,0.9,35250,0.1,2,"carnivore","no","aquatic","other","Carnivora","Phocidae","Mirounga angustirostris",1.71516735784846,0.0760366130601276,5.55990662503611,"not.a.lemur"
"42",46.9,7.4,0.02,4.71,556500,7.63,0.8,39919,0.07,2,"carnivore","no","aquatic","other","Carnivora","Phocidae","Mirounga leonina",1.67117284271508,-0.12415925279566,5.74546516867073,"not.a.lemur"
"43",53.5,7.7,0.8,5.36,129000,7.63,0.4,8477,0.07,2,"carnivore","no","aquatic","other","Carnivora","Phocidae","Pagophilus groenlandica6",1.72835378202123,0.14022934130865,5.11058971029925,"not.a.lemur"
"44",49.9,9,NA,NA,87833,8.35,1.1,11084,0.13,3,"carnivore","no","aquatic","other","Carnivora","Phocidae","Phoca vitulina",1.69810054562339,-0.00400000533334613,4.94365771664937,"not.a.lemur"
"45",17.1,9.2,2.2,2.18,1e+05,6.93,13.8,1168,0.01,0,"omnivore","no","terrestrial","other","Carnivora","Ursidae","Ursus arctos",1.23299611039215,-1.57855659863263,5,"not.a.lemur"
"46",25.1,7,3,2.82,88500,6.75,6.4,748,0.01,0,"omnivore","no","terrestrial","other","Carnivora","Ursidae","Ursus americanus",1.39967372148104,-1.09328604438544,4.94694327069783,"not.a.lemur"
"47",22.2,14.6,NA,NA,4705000,10.15,5,404000,0.09,3,"carnivore","no","aquatic","other","Cetacea","Balaenopteridae","Balaenoptera acutorostrata",1.34635297445064,-1.25404914230611,6.67255962776328,"not.a.lemur"
"48",40.9,11.9,1.3,4.47,1.7e+08,10.71,7.1,2272500,0.01,3,"carnivore","no","aquatic","other","Cetacea","Balaenopteridae","Balaenoptera musculus",1.61172330800734,-0.368100861363296,8.23044892137827,"not.a.lemur"
"49",33.2,10.5,2.3,3.73,66800000,10.93,6.5,1868500,0.03,3,"carnivore","no","aquatic","other","Cetacea","Balaenopteridae","Balaenoptera physalus",1.52113808370404,-0.699153204620157,7.82477646247555,"not.a.lemur"
"50",33,12.5,NA,NA,32400000,11.43,9.1,1338250,0.04,3,"carnivore","no","aquatic","other","Cetacea","Balaenopteridae","Megaptera novaeangliae",1.51851393987789,-0.708185057924486,7.51054501020661,"not.a.lemur"
"51",22.5,8.4,1.2,2.59,57400,11.4,18,1000,0.02,3,"carnivore","no","aquatic","other","Cetacea","Delphinidae","Stenalla attenuata",1.35218251811136,-1.23676262714893,4.75891189239797,"not.a.lemur"
"52",29.4,12.2,2.5,3.49,141000,12.12,18.9,18920,0.13,3,"carnivore","no","aquatic","other","Cetacea","Delphinidae","Tursiops truncates",1.46834733041216,-0.87603547015456,5.14921911265538,"not.a.lemur"
"53",25.8,7.7,3.4,2.94,12.07,2.68,1.3,3,0.25,0,"carnivore","no","terrestrial","other","Chiroptera","Molossidae","Tadarida brasiliensis",1.41161970596323,-1.05638965824576,1.08170727009735,"not.a.lemur"
"54",9,3.6,6.1,1.27,42,4,2,5.9,0.14,2,"herbivore","no","terrestrial","other","Chiroptera","Phyllostomatidae","Artibeus jamaicensis",0.954242509439325,-2.31363492918063,1.6232492903979,"not.a.lemur"
"55",13.1,9.1,4,1.88,82,4,8,16,0.2,2,"omnivore","no","terrestrial","other","Chiroptera","Phyllostomatidae","Phyllostomus hastatus",1.11727129565576,-1.89214580206424,1.91381385238372,"not.a.lemur"
"56",6.1,2.6,6.4,0.96,173,5,2.9,45,0.26,2,"herbivore","no","terrestrial","other","Chiroptera","Pteropodidae","Pteropus pumilus",0.785329835010767,-2.73394161503495,2.2380461031288,"not.a.lemur"
"57",6.7,3.4,6.4,1.06,350,5,2.5,45,0.13,2,"herbivore","no","terrestrial","other","Chiroptera","Pteropodidae","Pteropus rodricensis",0.826074802700826,-2.63371258145638,2.54406804435028,"not.a.lemur"
"58",8.5,2.7,5.7,1.16,522,6.5,1.5,74,0.14,2,"herbivore","no","terrestrial","other","Chiroptera","Pteropodidae","Pteropus hypomelanus",0.929418925714293,-2.3762728087852,2.71767050300226,"not.a.lemur"
"59",7.2,3.1,5.7,1.06,850,5.53,2.5,133,0.16,2,"herbivore","no","terrestrial","other","Chiroptera","Pteropodidae","Pteropus vampyrus",0.857332496431269,-2.55636561377014,2.92941892571429,"not.a.lemur"
"60",2,2.5,6.2,0.57,800,6,5.5,69,0.09,2,"herbivore","no","terrestrial","other","Chiroptera","Pteropodidae","Pteropus poliocephalus",0.301029995663981,-3.89182029811063,2.90308998699194,"not.a.lemur"
"61",15.8,8.5,4,2.1,8,1.83,0.8,3,0.38,1,"carnivore","no","terrestrial","other","Chiroptera","Vespertilionidae","Myotis lucifugus",1.19865708695442,-1.67318498121536,0.903089986991944,"not.a.lemur"
"62",19.9,10.7,4.4,2.61,8,2.17,1.5,3,0.38,1,"carnivore","no","terrestrial","other","Chiroptera","Vespertilionidae","Myotis velifer",1.29885307640971,-1.39255612234387,0.903089986991944,"not.a.lemur"
"63",10.9,7.3,5.6,1.64,915,0.73,4.5,1,0.001,0,"carnivore","no","terrestrial","Australia","Dasyuromorphia","Dasyuridae","Dasyurus viverrinus",1.03742649794062,-2.10099654524167,2.96142109406645,"not.a.lemur"
"64",11,9.5,5.9,1.79,1906,0.42,3.3,1,5e-04,0,"omnivore","no","terrestrial","Australia","Didelphimorphia","Didelphidae","Didelphis virginiana",1.04139268515823,-2.09074109693377,3.28012289630231,"not.a.lemur"
"65",4,6,12.5,1.21,5500,0.94,10.5,0.4,7e-05,0,"herbivore","yes","terrestrial","Australia","Diprotodontia","Macropodidae","Macropus eugenii",0.602059991327962,-3.17805383034795,3.74036268949424,"not.a.lemur"
"66",6.1,7.2,NA,NA,26025,1.1,10.3,0.8,3e-05,0,"herbivore","yes","terrestrial","Australia","Diprotodontia","Macropodidae","Macropus rufus",0.785329835010767,-2.73394161503495,4.41539073818257,"not.a.lemur"
"67",7.2,6.8,10.9,1.48,12425,0.98,14.5,0.6,5e-05,0,"herbivore","yes","terrestrial","Australia","Diprotodontia","Macropodidae","Macropus rufogriseus",0.857332496431269,-2.55636561377014,4.09429639740537,"not.a.lemur"
"68",10.4,10.3,2.5,1.65,2900,0.9,8,0.4,1e-04,0,"herbivore","yes","terrestrial","Australia","Diprotodontia","Macropodidae","Setonix brachyurus",1.01703333929878,-2.15354951383356,3.46239799789896,"not.a.lemur"
"69",7.1,8,8.1,1.44,4000,1,9,0.4,1e-04,0,"herbivore","no","terrestrial","Australia","Diprotodontia","Macropodidae","Thylogale billardierii",0.851258348719075,-2.57142886177252,3.60205999132796,"not.a.lemur"
"70",4.4,7,11,1.25,2150,0.58,6.5,2,9e-04,0,"omnivore","yes","terrestrial","Australia","Diprotodontia","Phalangeridae","Trichosurus vulpecula",0.643452676486187,-3.07856827913314,3.33243845991561,"not.a.lemur"
"71",16,8,4.5,2.1,5683,1.03,11.4,0.4,7e-05,0,"herbivore","no","terrestrial","Australia","Diprotodontia","Phascolarctidae","Phascolarctos cinereus",1.20411998265592,-1.65822807660353,3.75457765604473,"not.a.lemur"
"72",4,11,11,1.44,1725,0.7,3.8,0.3,2e-04,0,"herbivore","yes","terrestrial","Australia","Diprotodontia","Potoroidae7","Bettongia gaimardi",0.602059991327962,-3.17805383034795,3.23678909940929,"not.a.lemur"
"73",3,10,14,1.41,1047,1.27,1.4,0.3,3e-04,0,"omnivore","yes","terrestrial","Australia","Diprotodontia","Potoroidae7","Potorous tridactylus",0.477121254719662,-3.47609868983527,3.01994668167884,"not.a.lemur"
"74",3,4.5,12.5,1.03,910,3.5,7.3,0.6,7e-04,0,"herbivore","no","terrestrial","Australia","Diprotodontia","Pseudocheiridae8","Pseudocheirus peregrinus",0.477121254719662,-3.47609868983527,2.95904139232109,"not.a.lemur"
"75",15.6,10,1.5,2.07,3961,1.42,0.9,337,0.09,3,"herbivore","yes","terrestrial","other","Lagomorpha","Leporidae","Lepus europaeus",1.19312459835446,-1.68829648734642,3.59780484240429,"not.a.lemur"
"76",15.2,10.3,1.8,2.06,1444,1.02,0.9,219,0.15,0,"herbivore","yes","terrestrial","other","Lagomorpha","Leporidae","Oryctolagus cuniculus",1.18184358794477,-1.71900011494563,3.15956719323362,"not.a.lemur"
"77",14.4,15.8,2.7,2.34,1237,0.9,0.8,176,0.14,1,"herbivore","no","terrestrial","other","Lagomorpha","Leporidae","Sylvilagus floridanus",1.15836249209525,-1.78245707656574,3.09236969962912,"not.a.lemur"
"78",22.2,8.2,3.7,2.65,1268,1,3.5,0.6,5e-04,0,"carnivore","no","aquatic","Australia","Monotremata","Ornithorhynchidae","Ornithorhynchus anatinus",1.34635297445064,-1.25404914230611,3.10311925354571,"not.a.lemur"
"79",31,12.4,2.3,3.64,3600,0.77,3,0.3,8e-05,0,"carnivore","yes","terrestrial","Australia","Monotremata","Tachyglossidae","Tachyglossus aculeatus",1.49136169383427,-0.800119300112113,3.55630250076729,"not.a.lemur"
"80",10,9,6.9,1.71,877,0.42,2.3,0.7,8e-04,0,"omnivore","no","terrestrial","Australia","Peramelemorphia","Paramelidae","Isoodon macrourus",1,-2.19722457733622,2.94299959336604,"not.a.lemur"
"81",8,9.5,3.3,1.42,736,0.4,2.5,0.5,7e-04,0,"omnivore","no","terrestrial","Australia","Peramelemorphia","Paramelidae","Paremeles gunnii",0.903089986991944,-2.4423470353692,2.8668778143375,"not.a.lemur"
"82",1.8,1.7,5.9,0.5,250000,11.97,13,29167,0.12,3,"herbivore","yes","terrestrial","other","Perrissodactyla","Equidae","Equus asinus",0.255272505103306,-3.9992195504583,5.39794000867204,"not.a.lemur"
"83",2.2,1.6,7,0.57,276000,12.16,10.8,32292,0.12,3,"herbivore","yes","terrestrial","other","Perrissodactyla","Equidae","Equus burchellii",0.342422680822206,-3.7944672166765,5.44090908206522,"not.a.lemur"
"84",1.5,1.6,6.7,0.5,250000,11.5,10.5,30000,0.12,3,"herbivore","yes","terrestrial","other","Perrissodactyla","Equidae","Equus ferus przewalskii",0.176091259055681,-4.18459144006988,5.39794000867204,"not.a.lemur"
"85",1,1.6,6.9,0.46,262000,12.02,10,30000,0.01,3,"herbivore","yes","terrestrial","other","Perrissodactyla","Equidae","Equus zebra",0,-4.59511985013459,5.41830129131975,"not.a.lemur"
"86",0.2,1.4,6.6,0.36,884000,16.12,19.9,34167,0.04,2,"herbivore","yes","terrestrial","other","Perrissodactyla","Rhinocerotidae","Diceros bicornis",-0.698970004336019,-6.21260609575152,5.94645226501307,"not.a.lemur"
"87",1.9,4.6,5.3,0.65,3e+05,13.17,12,9400,0.03,3,"herbivore","no","terrestrial","other","Perrissodactyla","Tapiridae","Tapirus bairdii",0.278753600952829,-3.94413348039892,5.47712125471966,"not.a.lemur"
"88",3.9,4.4,5.3,0.82,187500,13.18,9.5,5418,0.03,3,"omnivore","no","terrestrial","other","Perrissodactyla","Tapiridae","Tapirus terrestris",0.591064607026499,-3.20441276284065,5.27300127206374,"not.a.lemur"
"89",1.1,1.9,6.6,0.47,5390,6.37,12.3,354,0.07,2,"herbivore","no","terrestrial","other","Primates","Atelidae12","Aloutta seniculus",0.0413926851582251,-4.49879905882434,3.73158876518674,"not.a.lemur"
"90",1.6,2.2,6.7,0.54,6400,6.22,14.2,369,0.06,2,"herbivore","no","terrestrial","other","Primates","Atelidae12","Aloutta palliata",0.204119982655925,-4.11903717481247,3.80617997398389,"not.a.lemur"
"91",3.6,2.7,7.4,0.78,323,4.9,5.4,61,0.19,2,"omnivore","no","terrestrial","other","Primates","Callitrichidae","Callithrix jacchus",0.556302500767287,-3.28757235615443,2.5092025223311,"not.a.lemur"
"92",10.2,3,6.8,1.37,570,4.35,4.3,107,0.19,2,"omnivore","no","terrestrial","other","Primates","Callitrichidae","Leontopithecus rosalia",1.00860017176192,-2.17519725501793,2.75587485567249,"not.a.lemur"
"93",4.6,3.6,7,0.91,750,4.5,5,107,0.14,2,"omnivore","no","terrestrial","other","Primates","Cebidae","Saimiri boliviensis boliviensis",0.662757831681574,-3.03202227495919,2.8750612633917,"not.a.lemur"
"94",3.1,1.6,8.5,0.71,5750,5.5,8.5,318,0.06,2,"omnivore","no","terrestrial","other","Primates","Cercopithecidae","Chlorocebus pygerythrus",0.491361693834273,-3.44227740740562,3.75966784468963,"not.a.lemur"
"95",5.2,1.6,NA,NA,3233,5.49,9.6,408,0.13,2,"carnivore","no","terrestrial","other","Primates","Cercopithecidae","Macaca fascicularis",0.716003343634799,-2.90311078367359,3.50960570461156,"not.a.lemur"
"96",4.2,1.6,6.2,0.72,10750,5.72,12.1,672,0.06,2,"omnivore","no","terrestrial","other","Primates","Cercopithecidae","Macaca fuscata",0.6232492903979,-3.12717815968749,4.03140846425162,"not.a.lemur"
"97",6.2,2.1,7.5,0.98,5140,5.47,9.5,476,0.09,2,"omnivore","no","terrestrial","other","Primates","Cercopithecidae","Macaca mulatta",0.792391689498254,-2.71661556396113,3.71096311899528,"not.a.lemur"
"98",3,2.1,7.2,0.68,1120,5.4,5.4,188,0.17,2,"omnivore","no","terrestrial","other","Primates","Cercopithecidae","Miopithecus talapoin",0.477121254719662,-3.47609868983527,3.04921802267018,"not.a.lemur"
"99",4.5,1.5,7.8,0.81,12933,1.1,7,1068,0.08,2,"omnivore","yes","terrestrial","other","Primates","Cercopithecidae","Papio anubis",0.653212513775344,-3.05504885071041,4.11169927757355,"not.a.lemur"
"100",4.5,1.5,7.8,0.81,11725,1.1,7,854,0.07,2,"omnivore","yes","terrestrial","other","Primates","Cercopithecidae","Papio cynocephalus",0.653212513775344,-3.05504885071041,4.06911285138712,"not.a.lemur"
"101",4.5,1.5,7.8,0.81,19500,1.1,7,1000,0.05,2,"omnivore","yes","terrestrial","other","Primates","Cercopithecidae","Papio papio",0.653212513775344,-3.05504885071041,4.29003461136252,"not.a.lemur"
"102",7.3,5.2,6.6,1.23,731,4.4,5,49,0.07,3,"omnivore","no","terrestrial","other","Primates","Galagidae9","Otolemur garnettii",0.863322860120456,-2.54149412441746,2.86391737695786,"not.a.lemur"
"103",8,4.8,6.4,1.26,935,4.41,4.5,80,0.09,3,"omnivore","no","terrestrial","other","Primates","Galagidae9","Otolemur crassicaudatus",0.903089986991944,-2.4423470353692,2.97081161087252,"not.a.lemur"
"104",1.9,1.4,6.8,0.52,90000,8.5,42,1600,0.02,2,"herbivore","no","terrestrial","other","Primates","Hominidae","Gorilla beringei beringei",0.278753600952829,-3.94413348039892,4.95424250943933,"not.a.lemur"
"105",0.9,1.3,8.5,0.49,2500,4.02,5,85,0.03,2,"omnivore","no","terrestrial","other","Primates","Lemuridae","Eulemur fulvus",-0.0457574905606751,-4.70148995699377,3.39794000867204,"lemur"
"106",1.1,1.5,8.4,0.52,2250,4.37,5.2,79,0.04,2,"omnivore","no","terrestrial","other","Primates","Lemuridae","Eulemur macaco",0.0413926851582251,-4.49879905882434,3.35218251811136,"lemur"
"107",0.8,1.1,8.9,0.49,2000,4.28,3.3,86,0.04,2,"omnivore","no","terrestrial","other","Primates","Lemuridae","Eulemur rubriventer",-0.0969100130080564,-4.82028156560504,3.30102999566398,"lemur"
"108",0.7,1.3,7.9,0.45,1350,4.29,5.1,71,0.05,2,"omnivore","no","terrestrial","other","Primates","Lemuridae","Eulemur mongoz",-0.154901959985743,-4.95482051498986,3.13033376849501,"lemur"
"109",3.2,4.2,7.7,0.84,3750,3.34,3.7,205,0.05,2,"herbivore","no","terrestrial","other","Primates","Lemuridae","Varecia variegata",0.505149978319906,-3.40949618447685,3.57403126772772,"lemur"
"110",7,3.9,6.6,1.13,900,6.34,5.8,53,0.06,2,"omnivore","no","terrestrial","other","Primates","Lorisidae","Nycticebus coucang",0.845098040014257,-2.58668934409794,2.95424250943932,"not.a.lemur"
"111",7.3,4.5,5.2,1.13,2720000,21.12,18,100039,0.04,3,"herbivore","no","terrestrial","other","Proboscidea","Elephantidae","Elaphus maximus",0.863322860120456,-2.54149412441746,6.4345689040342,"not.a.lemur"
"112",5,4,5.3,0.9,2482500,21.46,39.4,100986,0.04,3,"herbivore","yes","terrestrial","other","Proboscidea","Elephantidae","Loxodonta africana",0.698970004336019,-2.94443897916644,6.39488925716742,"not.a.lemur"
"113",4.5,4.8,5.7,0.92,80,2.23,1.2,17,0.21,0,"herbivore","yes","terrestrial","other","Rodentia","Bathyergidae","Heterocephalus glaber",0.653212513775344,-3.05504885071041,1.90308998699194,"not.a.lemur"
"114",19,11.2,1.7,2.45,19000,3.51,2.3,1700,0.09,3,"herbivore","no","terrestrial","other","Rodentia","Castoridae","Castor fiber",1.27875360095283,-1.450010175506,4.27875360095283,"not.a.lemur"
"115",5.7,6.3,4.8,1.08,728,2.24,0.6,366,0.5,4,"herbivore","no","terrestrial","other","Rodentia","Caviidae","Cavia porcellus",0.755874855672491,-2.80601501479891,2.86213137931304,"not.a.lemur"
"116",7.5,6.6,5.2,1.28,950,2.53,1.1,126,0.13,3,"herbivore","yes","terrestrial","other","Rodentia","Caviidae","Kerodon rupestris",0.8750612633917,-2.51230562397611,2.97772360528885,"not.a.lemur"
"117",11.2,7.3,1.7,1.52,365,3.7,1.8,64,0.18,3,"herbivore","yes","terrestrial","other","Rodentia","Chinchillidae","Chinchilla lanigera",1.04921802267018,-2.07047287169708,2.56229286445647,"not.a.lemur"
"118",4.9,9.4,4.9,1.19,105,0.54,0.7,20,0.19,0,"omnivore","yes","terrestrial","other","Rodentia","Cricetidae10","Mesocricetus auratus",0.690196080028514,-2.96569376443476,2.02118929906994,"not.a.lemur"
"119",22.3,11,4.4,2.85,374,3.1,1.5,66,0.18,4,"herbivore","yes","terrestrial","other","Rodentia","Echimyidae","Thrichomys apereoides",1.34830486304816,-1.24826857890753,2.57287160220048,"not.a.lemur"
"120",21.2,12.3,2.8,2.76,41,1.23,0.8,14,0.34,3,"herbivore","yes","terrestrial","other","Rodentia","Muridae","Acomys cahirinus",1.32633586092875,-1.31291181518587,1.61278385671974,"not.a.lemur"
"121",27,12.5,2.6,3.29,16,0.69,0.7,8,0.5,0,"omnivore","no","terrestrial","other","Rodentia","Muridae","Mus musculus",1.43136376415899,-0.994622575144062,1.20411998265592,"not.a.lemur"
"122",15,5.5,2.6,1.79,31,1.16,1,11,0.35,1,"omnivore","yes","terrestrial","other","Rodentia","Muridae","Notomys alexis",1.17609125905568,-1.73460105538811,1.49136169383427,"not.a.lemur"
"123",10.3,5.6,2.3,1.36,40,1.4,1.1,8,0.2,1,"omnivore","yes","terrestrial","other","Rodentia","Muridae","Notomys cervinus",1.01283722470517,-2.16432687382916,1.60205999132796,"not.a.lemur"
"124",7.5,6.5,2.7,1.17,50,1.21,1,13,0.26,1,"omnivore","yes","terrestrial","other","Rodentia","Muridae","Notomys mitchelli",0.8750612633917,-2.51230562397611,1.69897000433602,"not.a.lemur"
"125",12.1,6.4,3.6,1.62,65,1.02,0.9,13,0.2,0,"herbivore","yes","terrestrial","other","Rodentia","Muridae","Pseudomys australis",1.08278537031645,-1.98299435208844,1.81291335664286,"not.a.lemur"
"126",8.8,8.1,3.8,1.43,253,0.71,0.8,51,0.2,0,"omnivore","no","terrestrial","other","Rodentia","Muridae","Rattus norvegicus",0.944482672150169,-2.33830317559612,2.40312052117582,"not.a.lemur"
"127",20.1,4.4,2.7,2.2,235,2.96,1.2,74,0.31,3,"herbivore","yes","terrestrial","other","Rodentia","Octodontidae","Octodon degus",1.30319605742049,-1.3800560377072,2.37106786227174,"not.a.lemur"
"128",21.7,8.1,4.3,2.62,53,0.98,1.5,14,0.26,0,"omnivore","no","terrestrial","other","Rodentia","Scuiridae","Tamias amoenus",1.33645973384853,-1.28323534245034,1.72427586960079,"not.a.lemur"
"129",9.2,10.7,3.4,1.6,406,0.84,1,32,0.08,0,"herbivore","no","terrestrial","other","Rodentia","Scuiridae","Urocitellus columbianus",0.963787827345555,-2.28945580155225,2.60852603357719,"not.a.lemur"
"130",30,9.4,3,3.4,14,0.97,0.8,4,0.29,0,"carnivore","no","terrestrial","other","Soricomorpha11","Soricidae","Crocidura russula",1.47712125471966,-0.847297860387204,1.14612803567824,"not.a.lemur"
